email,username,image_url,password,bio,header_image_url,location
nguyensarah@hotmail.com,zhanghelen,https://randomuser.me/api/portraits/women/29.jpg,$2b$12$Q1PUFjhN/AWRQ21LbGYvjeLpZZB6lfZ1BPwifHALGO6oIbyC3CmJe,Sea stage us head store.,/static/images/warbler-hero.jpg,New Brianville
adam55@mills.com,lwilson,https://randomuser.me/api/portraits/women/12.jpg,$2b$12$Q1PUFjhN/AWRQ21LbGYvjeLpZZB6lfZ1BPwifHALGO6oIbyC3CmJe,Network lawyer one approach knowledge so.,/static/images/warbler-hero.jpg,South Jason
lsanchez@lowery.net,brauntracy,https://randomuser.me/api/portraits/men/42.jpg,$2b$12$Q1PUFjhN/AWRQ21LbGYvjeLpZZB6lfZ1BPwifHALGO6oIbyC3CmJe,Admit through ready its.,/static/images/warbler-hero.jpg,Hutchinsonburgh
simscarol@yahoo.com,justinwilliams,https://randomuser.me/api/portraits/men/37.jpg,$2b$12$Q1PUFjhN/AWRQ21LbGYvjeLpZZB6lfZ1BPwifHALGO6oIbyC3CmJe,Bad blue vote knowledge wonder.,/static/images/warbler-hero.jpg,Lake Amber
burnsbrittany@hotmail.com,hicksbradley,https://randomuser.me/api/portraits/women/70.jpg,$2b$12$Q1PUFjhN/AWRQ21LbGYvjeLpZZB6lfZ1BPwifHALGO6oIbyC3CmJe,Foreign seem gun doctor ago seem within.,/static/images/warbler-hero.jpg,Lake Tina
amanda02@williams.com,mullenantonio,https://randomuser.me/api/portraits/men/24.jpg,$2b$12$Q1PUFjhN/AWRQ21LbGYvjeLpZZB6lfZ1BPwifHALGO6oIbyC3CmJe,Two begin special down shake financial.,/static/images/warbler-hero.jpg,Gregoryland
jasonmiller@yahoo.com,murillocynthia,https://randomuser.me/api/portraits/men/29.jpg,$2b$12$Q1PUFjhN/AWRQ21LbGYvjeLpZZB6lfZ1BPwifHALGO6oIbyC3CmJe,Marriage writer war tough let age media become.,/static/images/warbler-hero.jpg,Dianaborough
michaelryan@yahoo.com,russorobert,https://randomuser.me/api/portraits/men/50.jpg,$2b$12$Q1PUFjhN/AWRQ21LbGYvjeLpZZB6lfZ1BPwifHALGO6oIbyC3CmJe,Result space population suffer indeed.,/static/images/warbler-hero.jpg,Matthewchester
walshmichael@wheeler.com,margaretrobinson,https://randomuser.me/api/portraits/women/21.jpg,$2b$12$Q1PUFjhN/AWRQ21LbGYvjeLpZZB6lfZ1BPwifHALGO6oIbyC3CmJe,Watch focus manager relationship of.,/static/images/warbler-hero.jpg,New Heatherberg
zboone@stephens.com,martinezalex,https://randomuser.me/api/portraits/men/87.jpg,$2b$12$Q1PUFjhN/AWRQ21LbGYvjeLpZZB6lfZ1BPwifHALGO6oIbyC3CmJe,Party natural before member probably court.,/static/images/warbler-hero.jpg,East Rhonda
vrodriguez@yahoo.com,williamsonmatthew,https://randomuser.me/api/portraits/women/78.jpg,$2b$12$Q1PUFjhN/AWRQ21LbGYvjeLpZZB6lfZ1BPwifHALGO6oIbyC3CmJe,Nearly someone first I believe.,/static/images/warbler-hero.jpg,Austinland
leonfields@reynolds-russo.com,buckwilliam,https://randomuser.me/api/portraits/women/45.jpg,$2b$12$Q1PUFjhN/AWRQ21LbGYvjeLpZZB6lfZ1BPwifHALGO6oIbyC3CmJe,Factor camera about growth reveal current.,/static/images/warbler-hero.jpg,Lake Abigail
dianarodriguez@watkins-french.net,jprice,https://randomuser.me/api/portraits/women/65.jpg,$2b$12$Q1PUFjhN/AWRQ21LbGYvjeLpZZB6lfZ1BPwifHALGO6oIbyC3CmJe,Special even myself necessary.,/static/images/warbler-hero.jpg,Elizabethmouth
smithcatherine@mcknight.com,rebeccawells,https://randomuser.me/api/portraits/lego/4.jpg,$2b$12$Q1PUFjhN/AWRQ21LbGYvjeLpZZB6lfZ1BPwifHALGO6oIbyC3CmJe,Recently television model firm you mention other.,/static/images/warbler-hero.jpg,Freemanhaven
ernest15@stuart.org,jacqueline12,https://randomuser.me/api/portraits/men/4.jpg,$2b$12$Q1PUFjhN/AWRQ21LbGYvjeLpZZB6lfZ1BPwifHALGO6oIbyC3CmJe,Simply those lay bank opportunity.,/static/images/warbler-hero.jpg,New Christine
johntrujillo@savage.com,shericampbell,https://randomuser.me/api/portraits/women/75.jpg,$2b$12$Q1PUFjhN/AWRQ21LbGYvjeLpZZB6lfZ1BPwifHALGO6oIbyC3CmJe,Work face themselves manage white agency.,/static/images/warbler-hero.jpg,Rodriguezberg
crystal63@hotmail.com,oliviamiller,https://randomuser.me/api/portraits/men/9.jpg,$2b$12$Q1PUFjhN/AWRQ21LbGYvjeLpZZB6lfZ1BPwifHALGO6oIbyC3CmJe,Hair training long right agreement performance site.,/static/images/warbler-hero.jpg,Georgeborough
codyscott@clark-perez.org,pattonkimberly,https://randomuser.me/api/portraits/women/14.jpg,$2b$12$Q1PUFjhN/AWRQ21LbGYvjeLpZZB6lfZ1BPwifHALGO6oIbyC3CmJe,Popular exist reflect a staff responsibility record modern.,/static/images/warbler-hero.jpg,West Jackport
jeffrey17@dawson.com,jarroyo,https://randomuser.me/api/portraits/men/17.jpg,$2b$12$Q1PUFjhN/AWRQ21LbGYvjeLpZZB6lfZ1BPwifHALGO6oIbyC3CmJe,Opportunity last majority name under well.,/static/images/warbler-hero.jpg,East Susanport
xgarza@hotmail.com,amandarivera,https://randomuser.me/api/portraits/men/67.jpg,$2b$12$Q1PUFjhN/AWRQ21LbGYvjeLpZZB6lfZ1BPwifHALGO6oIbyC3CmJe,Executive production know seem central.,/static/images/warbler-hero.jpg,Rodriguezmouth
tcoffey@conner-hayes.com,ricardowalker,https://randomuser.me/api/portraits/women/45.jpg,$2b$12$Q1PUFjhN/AWRQ21LbGYvjeLpZZB6lfZ1BPwifHALGO6oIbyC3CmJe,Star actually blood consider explain here.,/static/images/warbler-hero.jpg,South Michaelmouth
danielle15@gmail.com,gmurphy,https://randomuser.me/api/portraits/men/63.jpg,$2b$12$Q1PUFjhN/AWRQ21LbGYvjeLpZZB6lfZ1BPwifHALGO6oIbyC3CmJe,Deep financial measure economic action.,/static/images/warbler-hero.jpg,East Jenniferside
nancymcconnell@johnson.com,lucas43,https://randomuser.me/api/portraits/men/69.jpg,$2b$12$Q1PUFjhN/AWRQ21LbGYvjeLpZZB6lfZ1BPwifHALGO6oIbyC3CmJe,Analysis run bank up.,/static/images/warbler-hero.jpg,Stevenview
xmendoza@reyes-clark.com,garciashannon,https://randomuser.me/api/portraits/men/97.jpg,$2b$12$Q1PUFjhN/AWRQ21LbGYvjeLpZZB6lfZ1BPwifHALGO6oIbyC3CmJe,Type base political five.,/static/images/warbler-hero.jpg,Davidmouth
iwood@horne.com,chantimothy,https://randomuser.me/api/portraits/women/28.jpg,$2b$12$Q1PUFjhN/AWRQ21LbGYvjeLpZZB6lfZ1BPwifHALGO6oIbyC3CmJe,By nearly ten.,/static/images/warbler-hero.jpg,Mcdowellville
davisamy@francis.com,alyssa65,https://randomuser.me/api/portraits/women/22.jpg,$2b$12$Q1PUFjhN/AWRQ21LbGYvjeLpZZB6lfZ1BPwifHALGO6oIbyC3CmJe,Particular certain attention process during budget contain itself.,/static/images/warbler-hero.jpg,South Dana
martha49@ellis-moore.com,smithjames,https://randomuser.me/api/portraits/lego/1.jpg,$2b$12$Q1PUFjhN/AWRQ21LbGYvjeLpZZB6lfZ1BPwifHALGO6oIbyC3CmJe,People large simply tree.,/static/images/warbler-hero.jpg,Port Jenniferbury
dharris@yahoo.com,tanyadixon,https://randomuser.me/api/portraits/women/32.jpg,$2b$12$Q1PUFjhN/AWRQ21LbGYvjeLpZZB6lfZ1BPwifHALGO6oIbyC3CmJe,Center method method employee.,/static/images/warbler-hero.jpg,Sawyermouth
katherine80@yahoo.com,shirley78,https://randomuser.me/api/portraits/men/18.jpg,$2b$12$Q1PUFjhN/AWRQ21LbGYvjeLpZZB6lfZ1BPwifHALGO6oIbyC3CmJe,Third skill per stock type.,/static/images/warbler-hero.jpg,South Catherine
michaelbarrett@sherman.org,cartermichael,https://randomuser.me/api/portraits/women/48.jpg,$2b$12$Q1PUFjhN/AWRQ21LbGYvjeLpZZB6lfZ1BPwifHALGO6oIbyC3CmJe,Number toward trade discussion likely poor budget share.,/static/images/warbler-hero.jpg,North Pamelahaven
guerreroeric@sanders.com,msims,https://randomuser.me/api/portraits/women/76.jpg,$2b$12$Q1PUFjhN/AWRQ21LbGYvjeLpZZB6lfZ1BPwifHALGO6oIbyC3CmJe,They there improve such whole.,/static/images/warbler-hero.jpg,North Jasmine
angelalucero@hotmail.com,zschmidt,https://randomuser.me/api/portraits/men/10.jpg,$2b$12$Q1PUFjhN/AWRQ21LbGYvjeLpZZB6lfZ1BPwifHALGO6oIbyC3CmJe,Stop use race point poor fund.,/static/images/warbler-hero.jpg,West Renee
lvillegas@gmail.com,laurenmoon,https://randomuser.me/api/portraits/women/70.jpg,$2b$12$Q1PUFjhN/AWRQ21LbGYvjeLpZZB6lfZ1BPwifHALGO6oIbyC3CmJe,Public visit do here skill.,/static/images/warbler-hero.jpg,Port Barry
clementsdavid@hotmail.com,hawkinskatherine,https://randomuser.me/api/portraits/women/25.jpg,$2b$12$Q1PUFjhN/AWRQ21LbGYvjeLpZZB6lfZ1BPwifHALGO6oIbyC3CmJe,Support animal child late.,/static/images/warbler-hero.jpg,West Gabriellebury
holly10@gmail.com,vtorres,https://randomuser.me/api/portraits/lego/2.jpg,$2b$12$Q1PUFjhN/AWRQ21LbGYvjeLpZZB6lfZ1BPwifHALGO6oIbyC3CmJe,Real technology father already record its.,/static/images/warbler-hero.jpg,Lake Donaldland
cynthiaevans@parker.biz,timothy84,https://randomuser.me/api/portraits/men/92.jpg,$2b$12$Q1PUFjhN/AWRQ21LbGYvjeLpZZB6lfZ1BPwifHALGO6oIbyC3CmJe,Improve front full leader collection modern land help.,/static/images/warbler-hero.jpg,Micheleport
jennifer55@stewart.com,reeddarlene,https://randomuser.me/api/portraits/women/43.jpg,$2b$12$Q1PUFjhN/AWRQ21LbGYvjeLpZZB6lfZ1BPwifHALGO6oIbyC3CmJe,Forget practice leave employee event fall pressure.,/static/images/warbler-hero.jpg,Michelleport
smithalexandra@johnson.com,amcknight,https://randomuser.me/api/portraits/women/76.jpg,$2b$12$Q1PUFjhN/AWRQ21LbGYvjeLpZZB6lfZ1BPwifHALGO6oIbyC3CmJe,Son continue TV realize.,/static/images/warbler-hero.jpg,East Kelly
richardlopez@elliott.com,troy70,https://randomuser.me/api/portraits/women/60.jpg,$2b$12$Q1PUFjhN/AWRQ21LbGYvjeLpZZB6lfZ1BPwifHALGO6oIbyC3CmJe,Worry enough recent plant among.,/static/images/warbler-hero.jpg,Port Jessicaview
pamelaturner@yahoo.com,whernandez,https://randomuser.me/api/portraits/lego/4.jpg,$2b$12$Q1PUFjhN/AWRQ21LbGYvjeLpZZB6lfZ1BPwifHALGO6oIbyC3CmJe,Push wrong idea environmental national own.,/static/images/warbler-hero.jpg,South Suzanneshire
castillocindy@becker.com,nholland,https://randomuser.me/api/portraits/women/87.jpg,$2b$12$Q1PUFjhN/AWRQ21LbGYvjeLpZZB6lfZ1BPwifHALGO6oIbyC3CmJe,Million wear hot single water along factor.,/static/images/warbler-hero.jpg,Sherylside
alexgray@taylor-branch.com,yhernandez,https://randomuser.me/api/portraits/lego/6.jpg,$2b$12$Q1PUFjhN/AWRQ21LbGYvjeLpZZB6lfZ1BPwifHALGO6oIbyC3CmJe,Get operation century team personal industry.,/static/images/warbler-hero.jpg,Johnnyshire
comptonjames@parker-nelson.com,laura69,https://randomuser.me/api/portraits/men/36.jpg,$2b$12$Q1PUFjhN/AWRQ21LbGYvjeLpZZB6lfZ1BPwifHALGO6oIbyC3CmJe,Way study want trip.,/static/images/warbler-hero.jpg,Melissaburgh
zwise@marquez-leon.net,castillodaniel,https://randomuser.me/api/portraits/women/26.jpg,$2b$12$Q1PUFjhN/AWRQ21LbGYvjeLpZZB6lfZ1BPwifHALGO6oIbyC3CmJe,Them law rock.,/static/images/warbler-hero.jpg,South Sheena
hayneswalter@johnson.com,tatemaria,https://randomuser.me/api/portraits/women/0.jpg,$2b$12$Q1PUFjhN/AWRQ21LbGYvjeLpZZB6lfZ1BPwifHALGO6oIbyC3CmJe,Wife toward wear first investment.,/static/images/warbler-hero.jpg,Brandonview
barnesvickie@hebert.com,shannonturner,https://randomuser.me/api/portraits/men/21.jpg,$2b$12$Q1PUFjhN/AWRQ21LbGYvjeLpZZB6lfZ1BPwifHALGO6oIbyC3CmJe,Cell middle risk current reduce truth.,/static/images/warbler-hero.jpg,South Lauraside
barbara73@gmail.com,villamelinda,https://randomuser.me/api/portraits/men/43.jpg,$2b$12$Q1PUFjhN/AWRQ21LbGYvjeLpZZB6lfZ1BPwifHALGO6oIbyC3CmJe,Money activity join art sister month Democrat standard.,/static/images/warbler-hero.jpg,Bradyview
jwilliams@hotmail.com,liureginald,https://randomuser.me/api/portraits/men/22.jpg,$2b$12$Q1PUFjhN/AWRQ21LbGYvjeLpZZB6lfZ1BPwifHALGO6oIbyC3CmJe,Material teach system street.,/static/images/warbler-hero.jpg,Smallstad
foliver@gmail.com,rossdavid,https://randomuser.me/api/portraits/women/96.jpg,$2b$12$Q1PUFjhN/AWRQ21LbGYvjeLpZZB6lfZ1BPwifHALGO6oIbyC3CmJe,Positive nice institution instead.,/static/images/warbler-hero.jpg,Thompsonburgh
hawkinstimothy@gmail.com,michelle63,https://randomuser.me/api/portraits/men/62.jpg,$2b$12$Q1PUFjhN/AWRQ21LbGYvjeLpZZB6lfZ1BPwifHALGO6oIbyC3CmJe,Add already power cut even body.,/static/images/warbler-hero.jpg,Bradfordstad
steve85@jefferson.com,hoffmanlori,https://randomuser.me/api/portraits/men/48.jpg,$2b$12$Q1PUFjhN/AWRQ21LbGYvjeLpZZB6lfZ1BPwifHALGO6oIbyC3CmJe,Team rule unit strategy use law.,/static/images/warbler-hero.jpg,Lake Michellebury
mahoneydaniel@yahoo.com,alan81,https://randomuser.me/api/portraits/men/74.jpg,$2b$12$Q1PUFjhN/AWRQ21LbGYvjeLpZZB6lfZ1BPwifHALGO6oIbyC3CmJe,Church step cut fact coach station.,/static/images/warbler-hero.jpg,Butlermouth
adamsstephanie@hotmail.com,reneeduran,https://randomuser.me/api/portraits/men/86.jpg,$2b$12$Q1PUFjhN/AWRQ21LbGYvjeLpZZB6lfZ1BPwifHALGO6oIbyC3CmJe,Want give image.,/static/images/warbler-hero.jpg,Dawnstad
ztate@johnson.com,sanchezjay,https://randomuser.me/api/portraits/lego/6.jpg,$2b$12$Q1PUFjhN/AWRQ21LbGYvjeLpZZB6lfZ1BPwifHALGO6oIbyC3CmJe,When tonight power white owner.,/static/images/warbler-hero.jpg,Lake Allen
dominique86@yahoo.com,xbarnes,https://randomuser.me/api/portraits/women/1.jpg,$2b$12$Q1PUFjhN/AWRQ21LbGYvjeLpZZB6lfZ1BPwifHALGO6oIbyC3CmJe,Six enough whom fine treatment behavior who.,/static/images/warbler-hero.jpg,South Crystal
valeriemoore@webster-palmer.org,susan13,https://randomuser.me/api/portraits/women/98.jpg,$2b$12$Q1PUFjhN/AWRQ21LbGYvjeLpZZB6lfZ1BPwifHALGO6oIbyC3CmJe,Until race ground sort.,/static/images/warbler-hero.jpg,Chadland
james81@pierce.com,perezduane,https://randomuser.me/api/portraits/men/84.jpg,$2b$12$Q1PUFjhN/AWRQ21LbGYvjeLpZZB6lfZ1BPwifHALGO6oIbyC3CmJe,Store for by road forget offer nature.,/static/images/warbler-hero.jpg,Brendaton
kellycline@mitchell.com,meghan99,https://randomuser.me/api/portraits/men/67.jpg,$2b$12$Q1PUFjhN/AWRQ21LbGYvjeLpZZB6lfZ1BPwifHALGO6oIbyC3CmJe,Five anyone one mother.,/static/images/warbler-hero.jpg,South Brent
martha18@williams-smith.info,pmiller,https://randomuser.me/api/portraits/men/89.jpg,$2b$12$Q1PUFjhN/AWRQ21LbGYvjeLpZZB6lfZ1BPwifHALGO6oIbyC3CmJe,Fear rise box leave girl room raise.,/static/images/warbler-hero.jpg,Johnberg
barrettalyssa@hotmail.com,brittany24,https://randomuser.me/api/portraits/women/74.jpg,$2b$12$Q1PUFjhN/AWRQ21LbGYvjeLpZZB6lfZ1BPwifHALGO6oIbyC3CmJe,Compare hundred computer shake free scene sometimes.,/static/images/warbler-hero.jpg,Lake Donna
helen26@hotmail.com,zgeorge,https://randomuser.me/api/portraits/men/12.jpg,$2b$12$Q1PUFjhN/AWRQ21LbGYvjeLpZZB6lfZ1BPwifHALGO6oIbyC3CmJe,Thought admit arrive talk.,/static/images/warbler-hero.jpg,West Larry
aguilarkevin@hotmail.com,qquinn,https://randomuser.me/api/portraits/men/90.jpg,$2b$12$Q1PUFjhN/AWRQ21LbGYvjeLpZZB6lfZ1BPwifHALGO6oIbyC3CmJe,Drop happy final specific play language hear.,/static/images/warbler-hero.jpg,Lake Jakeville
ann33@thompson-robbins.info,vowens,https://randomuser.me/api/portraits/lego/1.jpg,$2b$12$Q1PUFjhN/AWRQ21LbGYvjeLpZZB6lfZ1BPwifHALGO6oIbyC3CmJe,Opportunity matter say view book election.,/static/images/warbler-hero.jpg,Maryberg
bryantaylor@watson.org,luis83,https://randomuser.me/api/portraits/women/53.jpg,$2b$12$Q1PUFjhN/AWRQ21LbGYvjeLpZZB6lfZ1BPwifHALGO6oIbyC3CmJe,Only treat concern later fast parent remember.,/static/images/warbler-hero.jpg,Philipfort
rreilly@gmail.com,eric80,https://randomuser.me/api/portraits/lego/0.jpg,$2b$12$Q1PUFjhN/AWRQ21LbGYvjeLpZZB6lfZ1BPwifHALGO6oIbyC3CmJe,Word go others PM believe major.,/static/images/warbler-hero.jpg,Jenniferville
buckleyrichard@nelson-madden.com,jessicadixon,https://randomuser.me/api/portraits/men/92.jpg,$2b$12$Q1PUFjhN/AWRQ21LbGYvjeLpZZB6lfZ1BPwifHALGO6oIbyC3CmJe,Heart expert whole energy her last discuss.,/static/images/warbler-hero.jpg,Brandonton
vestrada@miller-williams.info,alexanderkelly,https://randomuser.me/api/portraits/women/88.jpg,$2b$12$Q1PUFjhN/AWRQ21LbGYvjeLpZZB6lfZ1BPwifHALGO6oIbyC3CmJe,Address since law board successful doctor subject.,/static/images/warbler-hero.jpg,Sextonport
matthew59@yahoo.com,nmartinez,https://randomuser.me/api/portraits/men/1.jpg,$2b$12$Q1PUFjhN/AWRQ21LbGYvjeLpZZB6lfZ1BPwifHALGO6oIbyC3CmJe,Modern information fast rule want.,/static/images/warbler-hero.jpg,North Ryan
fitzpatrickjaime@berger.net,rebecca51,https://randomuser.me/api/portraits/women/45.jpg,$2b$12$Q1PUFjhN/AWRQ21LbGYvjeLpZZB6lfZ1BPwifHALGO6oIbyC3CmJe,Decision better identify according.,/static/images/warbler-hero.jpg,Laneport
chasereid@hotmail.com,paigekeller,https://randomuser.me/api/portraits/men/51.jpg,$2b$12$Q1PUFjhN/AWRQ21LbGYvjeLpZZB6lfZ1BPwifHALGO6oIbyC3CmJe,Thank fly staff sing.,/static/images/warbler-hero.jpg,South Cody
mosesdavid@turner.com,wrightalexander,https://randomuser.me/api/portraits/men/39.jpg,$2b$12$Q1PUFjhN/AWRQ21LbGYvjeLpZZB6lfZ1BPwifHALGO6oIbyC3CmJe,Every part season understand throughout some.,/static/images/warbler-hero.jpg,West Matthew
jonesnathan@gmail.com,monica41,https://randomuser.me/api/portraits/women/43.jpg,$2b$12$Q1PUFjhN/AWRQ21LbGYvjeLpZZB6lfZ1BPwifHALGO6oIbyC3CmJe,Worker treatment benefit major usually avoid bad.,/static/images/warbler-hero.jpg,Lake Valerie
benjamin43@hotmail.com,danielcross,https://randomuser.me/api/portraits/women/14.jpg,$2b$12$Q1PUFjhN/AWRQ21LbGYvjeLpZZB6lfZ1BPwifHALGO6oIbyC3CmJe,Down offer measure wide.,/static/images/warbler-hero.jpg,New Williamhaven
jford@boyer-bauer.net,brittany89,https://randomuser.me/api/portraits/men/47.jpg,$2b$12$Q1PUFjhN/AWRQ21LbGYvjeLpZZB6lfZ1BPwifHALGO6oIbyC3CmJe,Because often today up strong per.,/static/images/warbler-hero.jpg,Bakertown
henrymiller@yahoo.com,taylor61,https://randomuser.me/api/portraits/women/75.jpg,$2b$12$Q1PUFjhN/AWRQ21LbGYvjeLpZZB6lfZ1BPwifHALGO6oIbyC3CmJe,Director who several call government stock.,/static/images/warbler-hero.jpg,Andrewmouth
robertvasquez@medina.net,ibaker,https://randomuser.me/api/portraits/men/71.jpg,$2b$12$Q1PUFjhN/AWRQ21LbGYvjeLpZZB6lfZ1BPwifHALGO6oIbyC3CmJe,Environmental measure carry may mind.,/static/images/warbler-hero.jpg,Danielshire
bmonroe@yahoo.com,frank22,https://randomuser.me/api/portraits/women/71.jpg,$2b$12$Q1PUFjhN/AWRQ21LbGYvjeLpZZB6lfZ1BPwifHALGO6oIbyC3CmJe,Cup maybe upon offer often might.,/static/images/warbler-hero.jpg,Port Alexandria
billy16@gmail.com,cwelch,https://randomuser.me/api/portraits/lego/4.jpg,$2b$12$Q1PUFjhN/AWRQ21LbGYvjeLpZZB6lfZ1BPwifHALGO6oIbyC3CmJe,Child notice time project player.,/static/images/warbler-hero.jpg,Patrickborough
huntersarah@gmail.com,diazwesley,https://randomuser.me/api/portraits/women/16.jpg,$2b$12$Q1PUFjhN/AWRQ21LbGYvjeLpZZB6lfZ1BPwifHALGO6oIbyC3CmJe,Direction most beyond also.,/static/images/warbler-hero.jpg,New Jennifermouth
nparker@stevens.info,davidmcdaniel,https://randomuser.me/api/portraits/women/87.jpg,$2b$12$Q1PUFjhN/AWRQ21LbGYvjeLpZZB6lfZ1BPwifHALGO6oIbyC3CmJe,Their tax difficult final send.,/static/images/warbler-hero.jpg,New Elizabethside
jessicamcknight@hotmail.com,ryan37,https://randomuser.me/api/portraits/women/85.jpg,$2b$12$Q1PUFjhN/AWRQ21LbGYvjeLpZZB6lfZ1BPwifHALGO6oIbyC3CmJe,Push research entire send car.,/static/images/warbler-hero.jpg,South Rose
kaylaalexander@yahoo.com,mullinserica,https://randomuser.me/api/portraits/men/12.jpg,$2b$12$Q1PUFjhN/AWRQ21LbGYvjeLpZZB6lfZ1BPwifHALGO6oIbyC3CmJe,Fund admit author be.,/static/images/warbler-hero.jpg,East Nicole
hwalker@chan-howard.com,millerjay,https://randomuser.me/api/portraits/women/87.jpg,$2b$12$Q1PUFjhN/AWRQ21LbGYvjeLpZZB6lfZ1BPwifHALGO6oIbyC3CmJe,Practice another step make evidence carry.,/static/images/warbler-hero.jpg,Port Jacqueline
phillipharris@brooks.com,nguyenvalerie,https://randomuser.me/api/portraits/women/89.jpg,$2b$12$Q1PUFjhN/AWRQ21LbGYvjeLpZZB6lfZ1BPwifHALGO6oIbyC3CmJe,Health situation baby receive possible stand.,/static/images/warbler-hero.jpg,North Amy
vdiaz@hotmail.com,mwolf,https://randomuser.me/api/portraits/men/46.jpg,$2b$12$Q1PUFjhN/AWRQ21LbGYvjeLpZZB6lfZ1BPwifHALGO6oIbyC3CmJe,Event whatever visit.,/static/images/warbler-hero.jpg,Port Michaelchester
sweeneyjasmine@hotmail.com,deborahpotter,https://randomuser.me/api/portraits/men/35.jpg,$2b$12$Q1PUFjhN/AWRQ21LbGYvjeLpZZB6lfZ1BPwifHALGO6oIbyC3CmJe,Any recently value movement.,/static/images/warbler-hero.jpg,Farrellhaven
michelle11@gray.com,marcyoung,https://randomuser.me/api/portraits/men/76.jpg,$2b$12$Q1PUFjhN/AWRQ21LbGYvjeLpZZB6lfZ1BPwifHALGO6oIbyC3CmJe,Size big well.,/static/images/warbler-hero.jpg,Lake Ericville
jcollins@yahoo.com,richardholland,https://randomuser.me/api/portraits/men/19.jpg,$2b$12$Q1PUFjhN/AWRQ21LbGYvjeLpZZB6lfZ1BPwifHALGO6oIbyC3CmJe,Cell can raise gun list condition happen.,/static/images/warbler-hero.jpg,Davidfurt
william81@hotmail.com,sjimenez,https://randomuser.me/api/portraits/lego/2.jpg,$2b$12$Q1PUFjhN/AWRQ21LbGYvjeLpZZB6lfZ1BPwifHALGO6oIbyC3CmJe,Notice ability participant agree sell worry hope note.,/static/images/warbler-hero.jpg,Bookerville
jessica55@carter-villa.biz,rachelthompson,https://randomuser.me/api/portraits/women/28.jpg,$2b$12$Q1PUFjhN/AWRQ21LbGYvjeLpZZB6lfZ1BPwifHALGO6oIbyC3CmJe,Morning language time which property million.,/static/images/warbler-hero.jpg,Haleyberg
cortezjeremy@lewis.org,jesselozano,https://randomuser.me/api/portraits/women/93.jpg,$2b$12$Q1PUFjhN/AWRQ21LbGYvjeLpZZB6lfZ1BPwifHALGO6oIbyC3CmJe,Employee election why later expect edge.,/static/images/warbler-hero.jpg,West Audrey
johnsonmarc@brown-murray.com,hallchase,https://randomuser.me/api/portraits/women/26.jpg,$2b$12$Q1PUFjhN/AWRQ21LbGYvjeLpZZB6lfZ1BPwifHALGO6oIbyC3CmJe,Reflect difficult quickly family under though.,/static/images/warbler-hero.jpg,Port Leslieland
bthompson@hanson.com,dannywhite,https://randomuser.me/api/portraits/men/90.jpg,$2b$12$Q1PUFjhN/AWRQ21LbGYvjeLpZZB6lfZ1BPwifHALGO6oIbyC3CmJe,History forward behavior his.,/static/images/warbler-hero.jpg,Petersbury
bartlettdavid@rosario.net,deanwilcox,https://randomuser.me/api/portraits/men/77.jpg,$2b$12$Q1PUFjhN/AWRQ21LbGYvjeLpZZB6lfZ1BPwifHALGO6oIbyC3CmJe,Food role color true him.,/static/images/warbler-hero.jpg,Jeffreymouth
alyssa96@gmail.com,kristenortiz,https://randomuser.me/api/portraits/men/26.jpg,$2b$12$Q1PUFjhN/AWRQ21LbGYvjeLpZZB6lfZ1BPwifHALGO6oIbyC3CmJe,Security man popular.,/static/images/warbler-hero.jpg,Aliceview
raymond18@hotmail.com,vmitchell,https://randomuser.me/api/portraits/women/89.jpg,$2b$12$Q1PUFjhN/AWRQ21LbGYvjeLpZZB6lfZ1BPwifHALGO6oIbyC3CmJe,Some call court over say memory walk.,/static/images/warbler-hero.jpg,Meyerville
wilsonrobert@yahoo.com,omeadows,https://randomuser.me/api/portraits/men/26.jpg,$2b$12$Q1PUFjhN/AWRQ21LbGYvjeLpZZB6lfZ1BPwifHALGO6oIbyC3CmJe,Allow agency sport cut together administration.,/static/images/warbler-hero.jpg,North Kristahaven
kyleavery@robbins-villanueva.info,zdavis,https://randomuser.me/api/portraits/women/55.jpg,$2b$12$Q1PUFjhN/AWRQ21LbGYvjeLpZZB6lfZ1BPwifHALGO6oIbyC3CmJe,Boy whom local member.,/static/images/warbler-hero.jpg,Kevinmouth
kyle59@hotmail.com,christopherbrown,https://randomuser.me/api/portraits/women/50.jpg,$2b$12$Q1PUFjhN/AWRQ21LbGYvjeLpZZB6lfZ1BPwifHALGO6oIbyC3CmJe,Do life ago law likely though statement.,/static/images/warbler-hero.jpg,Lake Karen
jordan46@howard.info,william96,https://randomuser.me/api/portraits/women/35.jpg,$2b$12$Q1PUFjhN/AWRQ21LbGYvjeLpZZB6lfZ1BPwifHALGO6oIbyC3CmJe,Style effect responsibility there.,/static/images/warbler-hero.jpg,East Thomas
qthomas@hotmail.com,ajensen,https://randomuser.me/api/portraits/men/80.jpg,$2b$12$Q1PUFjhN/AWRQ21LbGYvjeLpZZB6lfZ1BPwifHALGO6oIbyC3CmJe,Church soon drop great will choose.,/static/images/warbler-hero.jpg,Janetberg
matthewsmanuel@yahoo.com,justin55,https://randomuser.me/api/portraits/men/67.jpg,$2b$12$Q1PUFjhN/AWRQ21LbGYvjeLpZZB6lfZ1BPwifHALGO6oIbyC3CmJe,Maintain hit commercial call woman several.,/static/images/warbler-hero.jpg,Port Gregory
philip30@gmail.com,juan19,https://randomuser.me/api/portraits/men/2.jpg,$2b$12$Q1PUFjhN/AWRQ21LbGYvjeLpZZB6lfZ1BPwifHALGO6oIbyC3CmJe,Happy none know matter increase.,/static/images/warbler-hero.jpg,Erikamouth
bankskenneth@williams.com,wilsonbianca,https://randomuser.me/api/portraits/women/16.jpg,$2b$12$Q1PUFjhN/AWRQ21LbGYvjeLpZZB6lfZ1BPwifHALGO6oIbyC3CmJe,Life relationship like senior.,/static/images/warbler-hero.jpg,Jimmyshire
johndiaz@miller.com,morrisonleslie,https://randomuser.me/api/portraits/women/16.jpg,$2b$12$Q1PUFjhN/AWRQ21LbGYvjeLpZZB6lfZ1BPwifHALGO6oIbyC3CmJe,Cold blood art significant home attack.,/static/images/warbler-hero.jpg,South Michelle
obrienjames@yahoo.com,brandon99,https://randomuser.me/api/portraits/men/84.jpg,$2b$12$Q1PUFjhN/AWRQ21LbGYvjeLpZZB6lfZ1BPwifHALGO6oIbyC3CmJe,Husband student most agreement.,/static/images/warbler-hero.jpg,South Davidshire
stuartsandra@gmail.com,vhurst,https://randomuser.me/api/portraits/men/90.jpg,$2b$12$Q1PUFjhN/AWRQ21LbGYvjeLpZZB6lfZ1BPwifHALGO6oIbyC3CmJe,Stuff speech recently.,/static/images/warbler-hero.jpg,Jameschester
bmcconnell@dillon.com,luisfarmer,https://randomuser.me/api/portraits/men/26.jpg,$2b$12$Q1PUFjhN/AWRQ21LbGYvjeLpZZB6lfZ1BPwifHALGO6oIbyC3CmJe,Direction phone kid real.,/static/images/warbler-hero.jpg,Port David
vrhodes@reynolds.info,kevinstevens,https://randomuser.me/api/portraits/men/71.jpg,$2b$12$Q1PUFjhN/AWRQ21LbGYvjeLpZZB6lfZ1BPwifHALGO6oIbyC3CmJe,Audience structure charge single politics develop.,/static/images/warbler-hero.jpg,Duaneview
gsanchez@frey.org,robertlara,https://randomuser.me/api/portraits/men/84.jpg,$2b$12$Q1PUFjhN/AWRQ21LbGYvjeLpZZB6lfZ1BPwifHALGO6oIbyC3CmJe,Service glass family few these professional figure.,/static/images/warbler-hero.jpg,Port Tanyaland
claudiaray@bautista-davis.biz,moralesjonathan,https://randomuser.me/api/portraits/men/61.jpg,$2b$12$Q1PUFjhN/AWRQ21LbGYvjeLpZZB6lfZ1BPwifHALGO6oIbyC3CmJe,What put sometimes against daughter statement officer.,/static/images/warbler-hero.jpg,East Katherinehaven
dustin57@yahoo.com,kirk12,https://randomuser.me/api/portraits/men/13.jpg,$2b$12$Q1PUFjhN/AWRQ21LbGYvjeLpZZB6lfZ1BPwifHALGO6oIbyC3CmJe,Trouble heart speak perform.,/static/images/warbler-hero.jpg,New Gregoryview
millerjoseph@fry.com,cunninghamjaclyn,https://randomuser.me/api/portraits/men/57.jpg,$2b$12$Q1PUFjhN/AWRQ21LbGYvjeLpZZB6lfZ1BPwifHALGO6oIbyC3CmJe,Debate cause future window particular mouth.,/static/images/warbler-hero.jpg,West Brendan
thomasjohnson@anderson.org,aaronjohnson,https://randomuser.me/api/portraits/women/17.jpg,$2b$12$Q1PUFjhN/AWRQ21LbGYvjeLpZZB6lfZ1BPwifHALGO6oIbyC3CmJe,About enjoy really they.,/static/images/warbler-hero.jpg,Foxborough
matthewscott@yahoo.com,melissapark,https://randomuser.me/api/portraits/men/27.jpg,$2b$12$Q1PUFjhN/AWRQ21LbGYvjeLpZZB6lfZ1BPwifHALGO6oIbyC3CmJe,Southern man a only around bring.,/static/images/warbler-hero.jpg,Justinmouth
bryanelizabeth@black.com,lisayu,https://randomuser.me/api/portraits/men/73.jpg,$2b$12$Q1PUFjhN/AWRQ21LbGYvjeLpZZB6lfZ1BPwifHALGO6oIbyC3CmJe,Writer level five learn miss.,/static/images/warbler-hero.jpg,Christophermouth
johnsonkarla@yahoo.com,bbaker,https://randomuser.me/api/portraits/men/13.jpg,$2b$12$Q1PUFjhN/AWRQ21LbGYvjeLpZZB6lfZ1BPwifHALGO6oIbyC3CmJe,Responsibility truth scene approach method.,/static/images/warbler-hero.jpg,Lake Lisastad
payneapril@hotmail.com,wallsjessica,https://randomuser.me/api/portraits/men/85.jpg,$2b$12$Q1PUFjhN/AWRQ21LbGYvjeLpZZB6lfZ1BPwifHALGO6oIbyC3CmJe,Study toward lot store federal life.,/static/images/warbler-hero.jpg,South Cristianland
hguerrero@hotmail.com,julierichards,https://randomuser.me/api/portraits/men/25.jpg,$2b$12$Q1PUFjhN/AWRQ21LbGYvjeLpZZB6lfZ1BPwifHALGO6oIbyC3CmJe,Leader foreign rich send education control moment half.,/static/images/warbler-hero.jpg,Lorraineton
monica08@gmail.com,yrios,https://randomuser.me/api/portraits/women/50.jpg,$2b$12$Q1PUFjhN/AWRQ21LbGYvjeLpZZB6lfZ1BPwifHALGO6oIbyC3CmJe,Still must leave ten.,/static/images/warbler-hero.jpg,Huffside
aflowers@yahoo.com,xvang,https://randomuser.me/api/portraits/men/77.jpg,$2b$12$Q1PUFjhN/AWRQ21LbGYvjeLpZZB6lfZ1BPwifHALGO6oIbyC3CmJe,Run above bed soldier choice in.,/static/images/warbler-hero.jpg,West Tammy
lhernandez@coleman-hall.com,scottbarrett,https://randomuser.me/api/portraits/women/41.jpg,$2b$12$Q1PUFjhN/AWRQ21LbGYvjeLpZZB6lfZ1BPwifHALGO6oIbyC3CmJe,Left movement phone read market really book grow.,/static/images/warbler-hero.jpg,Harrisburgh
ufuller@rodriguez.com,wardbrian,https://randomuser.me/api/portraits/men/69.jpg,$2b$12$Q1PUFjhN/AWRQ21LbGYvjeLpZZB6lfZ1BPwifHALGO6oIbyC3CmJe,Realize culture hand enter someone participant group leader.,/static/images/warbler-hero.jpg,Scottberg
yweaver@fisher-haney.com,stevenharvey,https://randomuser.me/api/portraits/men/25.jpg,$2b$12$Q1PUFjhN/AWRQ21LbGYvjeLpZZB6lfZ1BPwifHALGO6oIbyC3CmJe,Sell most group happen close building.,/static/images/warbler-hero.jpg,Guzmanbury
nhamilton@gmail.com,schwartzmark,https://randomuser.me/api/portraits/men/31.jpg,$2b$12$Q1PUFjhN/AWRQ21LbGYvjeLpZZB6lfZ1BPwifHALGO6oIbyC3CmJe,Range near or teach administration size.,/static/images/warbler-hero.jpg,Powellhaven
robertmoore@ball.com,katherinemueller,https://randomuser.me/api/portraits/men/86.jpg,$2b$12$Q1PUFjhN/AWRQ21LbGYvjeLpZZB6lfZ1BPwifHALGO6oIbyC3CmJe,Behind second collection house two its.,/static/images/warbler-hero.jpg,Lake Samuelfort
pattonfrank@gmail.com,heatherhunt,https://randomuser.me/api/portraits/men/80.jpg,$2b$12$Q1PUFjhN/AWRQ21LbGYvjeLpZZB6lfZ1BPwifHALGO6oIbyC3CmJe,Face state lawyer across high finally.,/static/images/warbler-hero.jpg,West Karen
longsean@kim-williams.com,hickslinda,https://randomuser.me/api/portraits/women/20.jpg,$2b$12$Q1PUFjhN/AWRQ21LbGYvjeLpZZB6lfZ1BPwifHALGO6oIbyC3CmJe,Serve sit picture give.,/static/images/warbler-hero.jpg,South Susanmouth
sarahjohnson@yahoo.com,xallen,https://randomuser.me/api/portraits/lego/9.jpg,$2b$12$Q1PUFjhN/AWRQ21LbGYvjeLpZZB6lfZ1BPwifHALGO6oIbyC3CmJe,Today appear investment.,/static/images/warbler-hero.jpg,North Christopher
richard43@morgan.com,gonzalesedward,https://randomuser.me/api/portraits/men/92.jpg,$2b$12$Q1PUFjhN/AWRQ21LbGYvjeLpZZB6lfZ1BPwifHALGO6oIbyC3CmJe,Make president occur end him.,/static/images/warbler-hero.jpg,New Raymond
bellstephen@dean.com,xlynn,https://randomuser.me/api/portraits/lego/8.jpg,$2b$12$Q1PUFjhN/AWRQ21LbGYvjeLpZZB6lfZ1BPwifHALGO6oIbyC3CmJe,Guy south wear.,/static/images/warbler-hero.jpg,New Davidbury
ronaldpowell@wood.com,jason42,https://randomuser.me/api/portraits/men/36.jpg,$2b$12$Q1PUFjhN/AWRQ21LbGYvjeLpZZB6lfZ1BPwifHALGO6oIbyC3CmJe,Thought physical exactly church dog lay protect.,/static/images/warbler-hero.jpg,Curtisside
hernandezmatthew@benjamin.org,deborah92,https://randomuser.me/api/portraits/women/73.jpg,$2b$12$Q1PUFjhN/AWRQ21LbGYvjeLpZZB6lfZ1BPwifHALGO6oIbyC3CmJe,Nothing article station exactly then morning beyond.,/static/images/warbler-hero.jpg,North Andre
kristen66@stewart-russell.com,hannahbowers,https://randomuser.me/api/portraits/women/52.jpg,$2b$12$Q1PUFjhN/AWRQ21LbGYvjeLpZZB6lfZ1BPwifHALGO6oIbyC3CmJe,Parent beat real reveal.,/static/images/warbler-hero.jpg,South Michelle
chavezchad@lucero.com,dtorres,https://randomuser.me/api/portraits/women/88.jpg,$2b$12$Q1PUFjhN/AWRQ21LbGYvjeLpZZB6lfZ1BPwifHALGO6oIbyC3CmJe,Into second care wait.,/static/images/warbler-hero.jpg,South Jennifer
jrobinson@curry-gallagher.info,rebeccacurtis,https://randomuser.me/api/portraits/women/19.jpg,$2b$12$Q1PUFjhN/AWRQ21LbGYvjeLpZZB6lfZ1BPwifHALGO6oIbyC3CmJe,Professional TV share prepare.,/static/images/warbler-hero.jpg,East Michaelborough
paul45@gmail.com,lgarza,https://randomuser.me/api/portraits/men/16.jpg,$2b$12$Q1PUFjhN/AWRQ21LbGYvjeLpZZB6lfZ1BPwifHALGO6oIbyC3CmJe,Behind officer hour concern culture employee.,/static/images/warbler-hero.jpg,Lake Leahview
beth41@sullivan.biz,connerrhonda,https://randomuser.me/api/portraits/men/5.jpg,$2b$12$Q1PUFjhN/AWRQ21LbGYvjeLpZZB6lfZ1BPwifHALGO6oIbyC3CmJe,Wide style need with.,/static/images/warbler-hero.jpg,West Lisa
kevinknight@williamson-watts.net,angelabentley,https://randomuser.me/api/portraits/men/99.jpg,$2b$12$Q1PUFjhN/AWRQ21LbGYvjeLpZZB6lfZ1BPwifHALGO6oIbyC3CmJe,Child star old situation.,/static/images/warbler-hero.jpg,East Philip
dale10@hotmail.com,james61,https://randomuser.me/api/portraits/lego/6.jpg,$2b$12$Q1PUFjhN/AWRQ21LbGYvjeLpZZB6lfZ1BPwifHALGO6oIbyC3CmJe,Member own station would I lawyer.,/static/images/warbler-hero.jpg,Powellville
jamesmorris@yahoo.com,wellsaustin,https://randomuser.me/api/portraits/men/93.jpg,$2b$12$Q1PUFjhN/AWRQ21LbGYvjeLpZZB6lfZ1BPwifHALGO6oIbyC3CmJe,Big miss language suddenly job because.,/static/images/warbler-hero.jpg,Port Timothyfurt
jorgesmith@vasquez-johnson.biz,heathjennifer,https://randomuser.me/api/portraits/women/14.jpg,$2b$12$Q1PUFjhN/AWRQ21LbGYvjeLpZZB6lfZ1BPwifHALGO6oIbyC3CmJe,Another put force image program me.,/static/images/warbler-hero.jpg,Brookshaven
ygarcia@yahoo.com,seanwilliams,https://randomuser.me/api/portraits/women/32.jpg,$2b$12$Q1PUFjhN/AWRQ21LbGYvjeLpZZB6lfZ1BPwifHALGO6oIbyC3CmJe,Strong trouble leader anything difference.,/static/images/warbler-hero.jpg,New Angela
briggsjennifer@herman.com,nrodriguez,https://randomuser.me/api/portraits/men/27.jpg,$2b$12$Q1PUFjhN/AWRQ21LbGYvjeLpZZB6lfZ1BPwifHALGO6oIbyC3CmJe,Act have coach figure.,/static/images/warbler-hero.jpg,Danielmouth
greenjoseph@hotmail.com,fernandezrichard,https://randomuser.me/api/portraits/women/17.jpg,$2b$12$Q1PUFjhN/AWRQ21LbGYvjeLpZZB6lfZ1BPwifHALGO6oIbyC3CmJe,Around agreement production.,/static/images/warbler-hero.jpg,Ryanburgh
molly77@yahoo.com,steven83,https://randomuser.me/api/portraits/men/40.jpg,$2b$12$Q1PUFjhN/AWRQ21LbGYvjeLpZZB6lfZ1BPwifHALGO6oIbyC3CmJe,Name protect pressure executive senior alone.,/static/images/warbler-hero.jpg,North Corey
richardsonbrian@yahoo.com,pwilson,https://randomuser.me/api/portraits/women/85.jpg,$2b$12$Q1PUFjhN/AWRQ21LbGYvjeLpZZB6lfZ1BPwifHALGO6oIbyC3CmJe,Concern billion toward draw race lead current.,/static/images/warbler-hero.jpg,Jamesberg
richardrodriguez@yahoo.com,bethriley,https://randomuser.me/api/portraits/men/26.jpg,$2b$12$Q1PUFjhN/AWRQ21LbGYvjeLpZZB6lfZ1BPwifHALGO6oIbyC3CmJe,Election product head argue enough prevent late.,/static/images/warbler-hero.jpg,Debraside
johnsonrenee@yahoo.com,andersondaniel,https://randomuser.me/api/portraits/women/82.jpg,$2b$12$Q1PUFjhN/AWRQ21LbGYvjeLpZZB6lfZ1BPwifHALGO6oIbyC3CmJe,Compare but radio also not doctor town blue.,/static/images/warbler-hero.jpg,Lopezhaven
kgarcia@gmail.com,yjohnson,https://randomuser.me/api/portraits/women/27.jpg,$2b$12$Q1PUFjhN/AWRQ21LbGYvjeLpZZB6lfZ1BPwifHALGO6oIbyC3CmJe,Sign him understand theory like defense region least.,/static/images/warbler-hero.jpg,Hopkinsberg
flemingteresa@gmail.com,dmartinez,https://randomuser.me/api/portraits/men/36.jpg,$2b$12$Q1PUFjhN/AWRQ21LbGYvjeLpZZB6lfZ1BPwifHALGO6oIbyC3CmJe,Off western agree arm theory front.,/static/images/warbler-hero.jpg,East Deborahburgh
sandramiller@yahoo.com,williamdavis,https://randomuser.me/api/portraits/women/84.jpg,$2b$12$Q1PUFjhN/AWRQ21LbGYvjeLpZZB6lfZ1BPwifHALGO6oIbyC3CmJe,Red each card yourself.,/static/images/warbler-hero.jpg,Thomasside
gmiranda@nichols-barnett.com,davidross,https://randomuser.me/api/portraits/women/27.jpg,$2b$12$Q1PUFjhN/AWRQ21LbGYvjeLpZZB6lfZ1BPwifHALGO6oIbyC3CmJe,Give skill either fear budget discussion.,/static/images/warbler-hero.jpg,Johnhaven
andersonspencer@graves.com,adamskatie,https://randomuser.me/api/portraits/men/98.jpg,$2b$12$Q1PUFjhN/AWRQ21LbGYvjeLpZZB6lfZ1BPwifHALGO6oIbyC3CmJe,Official true box check city.,/static/images/warbler-hero.jpg,East Eric
gjackson@lynch.com,fjones,https://randomuser.me/api/portraits/women/93.jpg,$2b$12$Q1PUFjhN/AWRQ21LbGYvjeLpZZB6lfZ1BPwifHALGO6oIbyC3CmJe,Research matter particularly American image without if.,/static/images/warbler-hero.jpg,Rodriguezmouth
ngreen@hotmail.com,brewerpamela,https://randomuser.me/api/portraits/women/35.jpg,$2b$12$Q1PUFjhN/AWRQ21LbGYvjeLpZZB6lfZ1BPwifHALGO6oIbyC3CmJe,Smile news pressure age glass need.,/static/images/warbler-hero.jpg,New Manuel
qsmith@yahoo.com,davidbanks,https://randomuser.me/api/portraits/women/33.jpg,$2b$12$Q1PUFjhN/AWRQ21LbGYvjeLpZZB6lfZ1BPwifHALGO6oIbyC3CmJe,Suggest ability could manage serve fight.,/static/images/warbler-hero.jpg,Liton
robertowang@nelson.com,archerjessica,https://randomuser.me/api/portraits/men/80.jpg,$2b$12$Q1PUFjhN/AWRQ21LbGYvjeLpZZB6lfZ1BPwifHALGO6oIbyC3CmJe,Whom Republican glass choose mouth.,/static/images/warbler-hero.jpg,Joelville
avilamichael@yahoo.com,joelcook,https://randomuser.me/api/portraits/men/20.jpg,$2b$12$Q1PUFjhN/AWRQ21LbGYvjeLpZZB6lfZ1BPwifHALGO6oIbyC3CmJe,American team article lot themselves.,/static/images/warbler-hero.jpg,West Virginiashire
cathy95@yahoo.com,cedwards,https://randomuser.me/api/portraits/men/51.jpg,$2b$12$Q1PUFjhN/AWRQ21LbGYvjeLpZZB6lfZ1BPwifHALGO6oIbyC3CmJe,Purpose need decide everybody lead dinner.,/static/images/warbler-hero.jpg,New Kevinberg
jenniferwaters@adams.com,rwheeler,https://randomuser.me/api/portraits/men/25.jpg,$2b$12$Q1PUFjhN/AWRQ21LbGYvjeLpZZB6lfZ1BPwifHALGO6oIbyC3CmJe,Crime performance party decide.,/static/images/warbler-hero.jpg,Gordonbury
isaiahhunter@yahoo.com,johnsontim,https://randomuser.me/api/portraits/men/68.jpg,$2b$12$Q1PUFjhN/AWRQ21LbGYvjeLpZZB6lfZ1BPwifHALGO6oIbyC3CmJe,Bed modern draw east modern.,/static/images/warbler-hero.jpg,East Timothy
jacob03@gmail.com,xhale,https://randomuser.me/api/portraits/women/23.jpg,$2b$12$Q1PUFjhN/AWRQ21LbGYvjeLpZZB6lfZ1BPwifHALGO6oIbyC3CmJe,Station significant reason own matter.,/static/images/warbler-hero.jpg,Paulview
jamesellis@yahoo.com,castanedakathleen,https://randomuser.me/api/portraits/men/38.jpg,$2b$12$Q1PUFjhN/AWRQ21LbGYvjeLpZZB6lfZ1BPwifHALGO6oIbyC3CmJe,Final time put.,/static/images/warbler-hero.jpg,Davismouth
crystalshaw@gmail.com,wongsherry,https://randomuser.me/api/portraits/women/45.jpg,$2b$12$Q1PUFjhN/AWRQ21LbGYvjeLpZZB6lfZ1BPwifHALGO6oIbyC3CmJe,Wide process challenge race pressure sense already.,/static/images/warbler-hero.jpg,Hobbston
omann@hotmail.com,johnsonolivia,https://randomuser.me/api/portraits/men/40.jpg,$2b$12$Q1PUFjhN/AWRQ21LbGYvjeLpZZB6lfZ1BPwifHALGO6oIbyC3CmJe,Person house after.,/static/images/warbler-hero.jpg,South Michellehaven
perezmichael@young.com,vasquezdaniel,https://randomuser.me/api/portraits/men/55.jpg,$2b$12$Q1PUFjhN/AWRQ21LbGYvjeLpZZB6lfZ1BPwifHALGO6oIbyC3CmJe,Fly whom paper.,/static/images/warbler-hero.jpg,East Meredithborough
ramirezmichelle@curtis.com,dennis08,https://randomuser.me/api/portraits/women/29.jpg,$2b$12$Q1PUFjhN/AWRQ21LbGYvjeLpZZB6lfZ1BPwifHALGO6oIbyC3CmJe,Congress within quality spring though herself.,/static/images/warbler-hero.jpg,Port Jamesfurt
wilsonjudith@nelson.net,jade06,https://randomuser.me/api/portraits/men/3.jpg,$2b$12$Q1PUFjhN/AWRQ21LbGYvjeLpZZB6lfZ1BPwifHALGO6oIbyC3CmJe,Trial generation big.,/static/images/warbler-hero.jpg,Tylerfort
vle@yahoo.com,pamelaporter,https://randomuser.me/api/portraits/women/5.jpg,$2b$12$Q1PUFjhN/AWRQ21LbGYvjeLpZZB6lfZ1BPwifHALGO6oIbyC3CmJe,Follow discuss season practice someone customer.,/static/images/warbler-hero.jpg,West Juliaville
joshua17@leonard.net,gomezbobby,https://randomuser.me/api/portraits/women/18.jpg,$2b$12$Q1PUFjhN/AWRQ21LbGYvjeLpZZB6lfZ1BPwifHALGO6oIbyC3CmJe,Dinner party fish piece because step southern behind.,/static/images/warbler-hero.jpg,Monicashire
abarrett@sharp-gentry.org,renee08,https://randomuser.me/api/portraits/men/8.jpg,$2b$12$Q1PUFjhN/AWRQ21LbGYvjeLpZZB6lfZ1BPwifHALGO6oIbyC3CmJe,Direction case family speak never resource plan.,/static/images/warbler-hero.jpg,East Veronica
darren65@buckley-gibbs.com,wyork,https://randomuser.me/api/portraits/men/59.jpg,$2b$12$Q1PUFjhN/AWRQ21LbGYvjeLpZZB6lfZ1BPwifHALGO6oIbyC3CmJe,Present head last play myself opportunity worry.,/static/images/warbler-hero.jpg,North Jenniferbury
christopherbarton@medina.com,meghanbailey,https://randomuser.me/api/portraits/women/19.jpg,$2b$12$Q1PUFjhN/AWRQ21LbGYvjeLpZZB6lfZ1BPwifHALGO6oIbyC3CmJe,Occur I guy lay.,/static/images/warbler-hero.jpg,Barbaramouth
yvettejoseph@martinez.info,collinsbenjamin,https://randomuser.me/api/portraits/men/88.jpg,$2b$12$Q1PUFjhN/AWRQ21LbGYvjeLpZZB6lfZ1BPwifHALGO6oIbyC3CmJe,Receive special share court generation degree table.,/static/images/warbler-hero.jpg,Bartlettport
csalas@gmail.com,christopherbeltran,https://randomuser.me/api/portraits/women/0.jpg,$2b$12$Q1PUFjhN/AWRQ21LbGYvjeLpZZB6lfZ1BPwifHALGO6oIbyC3CmJe,Relate character film race under factor.,/static/images/warbler-hero.jpg,Port Taylor
cooperjohnny@harper.com,emilyweber,https://randomuser.me/api/portraits/women/48.jpg,$2b$12$Q1PUFjhN/AWRQ21LbGYvjeLpZZB6lfZ1BPwifHALGO6oIbyC3CmJe,Hand some as mother great organization.,/static/images/warbler-hero.jpg,Edwardburgh
ramostonya@delgado.com,dramos,https://randomuser.me/api/portraits/women/18.jpg,$2b$12$Q1PUFjhN/AWRQ21LbGYvjeLpZZB6lfZ1BPwifHALGO6oIbyC3CmJe,Strategy once strong doctor group stop.,/static/images/warbler-hero.jpg,Lake Philip
crawfordtimothy@clark-blake.com,teresa31,https://randomuser.me/api/portraits/men/87.jpg,$2b$12$Q1PUFjhN/AWRQ21LbGYvjeLpZZB6lfZ1BPwifHALGO6oIbyC3CmJe,Up else could the bill.,/static/images/warbler-hero.jpg,South Cindy
carlacarter@yahoo.com,pmartin,https://randomuser.me/api/portraits/women/43.jpg,$2b$12$Q1PUFjhN/AWRQ21LbGYvjeLpZZB6lfZ1BPwifHALGO6oIbyC3CmJe,Heart catch month challenge serious join suffer foreign.,/static/images/warbler-hero.jpg,Jeremyburgh
christensenmiranda@wright.biz,williamtaylor,https://randomuser.me/api/portraits/women/53.jpg,$2b$12$Q1PUFjhN/AWRQ21LbGYvjeLpZZB6lfZ1BPwifHALGO6oIbyC3CmJe,Serious stage next score feel enjoy to.,/static/images/warbler-hero.jpg,North Bradleyland
sullivankrista@miller-reynolds.org,crystalpope,https://randomuser.me/api/portraits/women/74.jpg,$2b$12$Q1PUFjhN/AWRQ21LbGYvjeLpZZB6lfZ1BPwifHALGO6oIbyC3CmJe,Evidence moment main realize answer future.,/static/images/warbler-hero.jpg,East Julie
matthew90@gmail.com,robertross,https://randomuser.me/api/portraits/women/55.jpg,$2b$12$Q1PUFjhN/AWRQ21LbGYvjeLpZZB6lfZ1BPwifHALGO6oIbyC3CmJe,Space great coach spring adult.,/static/images/warbler-hero.jpg,South John
nicole90@jones.com,fisherwilliam,https://randomuser.me/api/portraits/lego/6.jpg,$2b$12$Q1PUFjhN/AWRQ21LbGYvjeLpZZB6lfZ1BPwifHALGO6oIbyC3CmJe,As evening hope entire seven describe few.,/static/images/warbler-hero.jpg,North Lori
hwalters@campbell-walker.com,thomas94,https://randomuser.me/api/portraits/women/96.jpg,$2b$12$Q1PUFjhN/AWRQ21LbGYvjeLpZZB6lfZ1BPwifHALGO6oIbyC3CmJe,Across future fly something.,/static/images/warbler-hero.jpg,Khanside
juliewalker@jones.com,hudsonrebecca,https://randomuser.me/api/portraits/men/92.jpg,$2b$12$Q1PUFjhN/AWRQ21LbGYvjeLpZZB6lfZ1BPwifHALGO6oIbyC3CmJe,Positive lawyer might.,/static/images/warbler-hero.jpg,Phyllisland
erin31@mccormick-hopkins.com,ccurtis,https://randomuser.me/api/portraits/women/21.jpg,$2b$12$Q1PUFjhN/AWRQ21LbGYvjeLpZZB6lfZ1BPwifHALGO6oIbyC3CmJe,Feeling rule do direction scientist.,/static/images/warbler-hero.jpg,Andrewstad
ochoacindy@yahoo.com,josegalvan,https://randomuser.me/api/portraits/women/44.jpg,$2b$12$Q1PUFjhN/AWRQ21LbGYvjeLpZZB6lfZ1BPwifHALGO6oIbyC3CmJe,Public size nearly result reduce.,/static/images/warbler-hero.jpg,Valdezhaven
millerthomas@patrick-mclaughlin.net,pamelasheppard,https://randomuser.me/api/portraits/women/83.jpg,$2b$12$Q1PUFjhN/AWRQ21LbGYvjeLpZZB6lfZ1BPwifHALGO6oIbyC3CmJe,Budget couple final population.,/static/images/warbler-hero.jpg,Gardnerstad
megan57@frost.com,robertchristian,https://randomuser.me/api/portraits/men/56.jpg,$2b$12$Q1PUFjhN/AWRQ21LbGYvjeLpZZB6lfZ1BPwifHALGO6oIbyC3CmJe,Our student ready.,/static/images/warbler-hero.jpg,Manuelmouth
barrydebra@gmail.com,brent74,https://randomuser.me/api/portraits/women/28.jpg,$2b$12$Q1PUFjhN/AWRQ21LbGYvjeLpZZB6lfZ1BPwifHALGO6oIbyC3CmJe,Future far now whatever news.,/static/images/warbler-hero.jpg,Katieland
daviddaugherty@gmail.com,prodriguez,https://randomuser.me/api/portraits/women/65.jpg,$2b$12$Q1PUFjhN/AWRQ21LbGYvjeLpZZB6lfZ1BPwifHALGO6oIbyC3CmJe,Far manage go vote.,/static/images/warbler-hero.jpg,Hendersonfurt
andersonamber@yahoo.com,danielmccarthy,https://randomuser.me/api/portraits/men/18.jpg,$2b$12$Q1PUFjhN/AWRQ21LbGYvjeLpZZB6lfZ1BPwifHALGO6oIbyC3CmJe,Experience chair new fine pick sell enter knowledge.,/static/images/warbler-hero.jpg,Vaughnfort
johnphillips@yahoo.com,jamesbender,https://randomuser.me/api/portraits/women/70.jpg,$2b$12$Q1PUFjhN/AWRQ21LbGYvjeLpZZB6lfZ1BPwifHALGO6oIbyC3CmJe,Including century ahead rock far unit road.,/static/images/warbler-hero.jpg,North Danielle
lhudson@yahoo.com,thompsonjoseph,https://randomuser.me/api/portraits/women/79.jpg,$2b$12$Q1PUFjhN/AWRQ21LbGYvjeLpZZB6lfZ1BPwifHALGO6oIbyC3CmJe,Pattern place cause within often young study.,/static/images/warbler-hero.jpg,South Tony
millerjack@daniel-kim.com,danielle27,https://randomuser.me/api/portraits/women/84.jpg,$2b$12$Q1PUFjhN/AWRQ21LbGYvjeLpZZB6lfZ1BPwifHALGO6oIbyC3CmJe,Write every its wear garden cold bring.,/static/images/warbler-hero.jpg,South Amy
michael41@hotmail.com,vmoran,https://randomuser.me/api/portraits/men/70.jpg,$2b$12$Q1PUFjhN/AWRQ21LbGYvjeLpZZB6lfZ1BPwifHALGO6oIbyC3CmJe,And pick compare certain.,/static/images/warbler-hero.jpg,Kellyhaven
howardelizabeth@carter-baker.com,perrymichael,https://randomuser.me/api/portraits/women/98.jpg,$2b$12$Q1PUFjhN/AWRQ21LbGYvjeLpZZB6lfZ1BPwifHALGO6oIbyC3CmJe,Fire get agency.,/static/images/warbler-hero.jpg,Jennybury
athompson@yahoo.com,marc73,https://randomuser.me/api/portraits/lego/3.jpg,$2b$12$Q1PUFjhN/AWRQ21LbGYvjeLpZZB6lfZ1BPwifHALGO6oIbyC3CmJe,Attorney part and bill.,/static/images/warbler-hero.jpg,East Nathantown
floresralph@gmail.com,ejones,https://randomuser.me/api/portraits/men/75.jpg,$2b$12$Q1PUFjhN/AWRQ21LbGYvjeLpZZB6lfZ1BPwifHALGO6oIbyC3CmJe,Final other quality adult sister.,/static/images/warbler-hero.jpg,Lynchshire
griffithdavid@gmail.com,christinaball,https://randomuser.me/api/portraits/men/67.jpg,$2b$12$Q1PUFjhN/AWRQ21LbGYvjeLpZZB6lfZ1BPwifHALGO6oIbyC3CmJe,Daughter go foreign five state southern stand.,/static/images/warbler-hero.jpg,Pierceview
gcalhoun@gmail.com,dprice,https://randomuser.me/api/portraits/men/43.jpg,$2b$12$Q1PUFjhN/AWRQ21LbGYvjeLpZZB6lfZ1BPwifHALGO6oIbyC3CmJe,Claim teach necessary those suddenly.,/static/images/warbler-hero.jpg,Lake Victoria
elizabethblack@robinson-howard.biz,lmatthews,https://randomuser.me/api/portraits/men/58.jpg,$2b$12$Q1PUFjhN/AWRQ21LbGYvjeLpZZB6lfZ1BPwifHALGO6oIbyC3CmJe,Nothing contain economic trade also must animal.,/static/images/warbler-hero.jpg,Kimberlyview
michaelwashington@hotmail.com,gdavis,https://randomuser.me/api/portraits/women/83.jpg,$2b$12$Q1PUFjhN/AWRQ21LbGYvjeLpZZB6lfZ1BPwifHALGO6oIbyC3CmJe,Policy magazine kid large practice.,/static/images/warbler-hero.jpg,Kevinfurt
rmoore@ray.com,henrybrown,https://randomuser.me/api/portraits/women/99.jpg,$2b$12$Q1PUFjhN/AWRQ21LbGYvjeLpZZB6lfZ1BPwifHALGO6oIbyC3CmJe,Nearly cup smile sense.,/static/images/warbler-hero.jpg,Christophershire
shelby71@jackson.net,ywalker,https://randomuser.me/api/portraits/men/98.jpg,$2b$12$Q1PUFjhN/AWRQ21LbGYvjeLpZZB6lfZ1BPwifHALGO6oIbyC3CmJe,Tonight offer resource gas stop listen together.,/static/images/warbler-hero.jpg,Steinberg
michael03@yahoo.com,gturner,https://randomuser.me/api/portraits/men/72.jpg,$2b$12$Q1PUFjhN/AWRQ21LbGYvjeLpZZB6lfZ1BPwifHALGO6oIbyC3CmJe,Night population baby visit apply accept.,/static/images/warbler-hero.jpg,Kristintown
simmonscharles@hodge-cain.com,christina18,https://randomuser.me/api/portraits/lego/5.jpg,$2b$12$Q1PUFjhN/AWRQ21LbGYvjeLpZZB6lfZ1BPwifHALGO6oIbyC3CmJe,Lot sing teacher me.,/static/images/warbler-hero.jpg,North Denise
jeremy71@yahoo.com,castillorichard,https://randomuser.me/api/portraits/men/20.jpg,$2b$12$Q1PUFjhN/AWRQ21LbGYvjeLpZZB6lfZ1BPwifHALGO6oIbyC3CmJe,Keep book send budget project art star.,/static/images/warbler-hero.jpg,Amandamouth
jeremy17@riley.net,haleypatricia,https://randomuser.me/api/portraits/men/22.jpg,$2b$12$Q1PUFjhN/AWRQ21LbGYvjeLpZZB6lfZ1BPwifHALGO6oIbyC3CmJe,Social consumer news factor.,/static/images/warbler-hero.jpg,Christineside
margaret69@gmail.com,klevine,https://randomuser.me/api/portraits/women/79.jpg,$2b$12$Q1PUFjhN/AWRQ21LbGYvjeLpZZB6lfZ1BPwifHALGO6oIbyC3CmJe,Actually sport buy whose sign specific.,/static/images/warbler-hero.jpg,Port Martha
leahthompson@gmail.com,pprice,https://randomuser.me/api/portraits/men/77.jpg,$2b$12$Q1PUFjhN/AWRQ21LbGYvjeLpZZB6lfZ1BPwifHALGO6oIbyC3CmJe,Star eight share protect receive.,/static/images/warbler-hero.jpg,Doyleland
jacob41@lucas.info,bryan87,https://randomuser.me/api/portraits/women/83.jpg,$2b$12$Q1PUFjhN/AWRQ21LbGYvjeLpZZB6lfZ1BPwifHALGO6oIbyC3CmJe,Personal can new total mean for action.,/static/images/warbler-hero.jpg,Welchburgh
tyler08@gmail.com,michaelhernandez,https://randomuser.me/api/portraits/men/9.jpg,$2b$12$Q1PUFjhN/AWRQ21LbGYvjeLpZZB6lfZ1BPwifHALGO6oIbyC3CmJe,Mrs effect painting prepare hospital.,/static/images/warbler-hero.jpg,Port Lisaton
cheryl06@hotmail.com,smithdale,https://randomuser.me/api/portraits/men/16.jpg,$2b$12$Q1PUFjhN/AWRQ21LbGYvjeLpZZB6lfZ1BPwifHALGO6oIbyC3CmJe,Listen wonder sound us.,/static/images/warbler-hero.jpg,West Norman
weissryan@faulkner.com,kenneth13,https://randomuser.me/api/portraits/men/4.jpg,$2b$12$Q1PUFjhN/AWRQ21LbGYvjeLpZZB6lfZ1BPwifHALGO6oIbyC3CmJe,Development article line way adult.,/static/images/warbler-hero.jpg,Theresastad
barbaradavis@gray.org,arthurjackson,https://randomuser.me/api/portraits/women/22.jpg,$2b$12$Q1PUFjhN/AWRQ21LbGYvjeLpZZB6lfZ1BPwifHALGO6oIbyC3CmJe,Night fine throughout another source throughout.,/static/images/warbler-hero.jpg,Brucefort
yharris@hotmail.com,unicholson,https://randomuser.me/api/portraits/women/86.jpg,$2b$12$Q1PUFjhN/AWRQ21LbGYvjeLpZZB6lfZ1BPwifHALGO6oIbyC3CmJe,Doctor behind alone especially.,/static/images/warbler-hero.jpg,Pedrotown
patriciaowen@delacruz.com,wheelersarah,https://randomuser.me/api/portraits/men/4.jpg,$2b$12$Q1PUFjhN/AWRQ21LbGYvjeLpZZB6lfZ1BPwifHALGO6oIbyC3CmJe,Personal animal small.,/static/images/warbler-hero.jpg,Port Shawn
bushjacob@henson.biz,alvaradobailey,https://randomuser.me/api/portraits/men/53.jpg,$2b$12$Q1PUFjhN/AWRQ21LbGYvjeLpZZB6lfZ1BPwifHALGO6oIbyC3CmJe,Thousand social speak sea.,/static/images/warbler-hero.jpg,Brandonmouth
richard12@yahoo.com,davidmarquez,https://randomuser.me/api/portraits/women/74.jpg,$2b$12$Q1PUFjhN/AWRQ21LbGYvjeLpZZB6lfZ1BPwifHALGO6oIbyC3CmJe,Receive particularly office bag watch myself.,/static/images/warbler-hero.jpg,Stacieshire
casetyler@yahoo.com,wrightjose,https://randomuser.me/api/portraits/women/14.jpg,$2b$12$Q1PUFjhN/AWRQ21LbGYvjeLpZZB6lfZ1BPwifHALGO6oIbyC3CmJe,There sea option meeting.,/static/images/warbler-hero.jpg,New Eric
pateltonya@santos.com,wheelermichael,https://randomuser.me/api/portraits/women/64.jpg,$2b$12$Q1PUFjhN/AWRQ21LbGYvjeLpZZB6lfZ1BPwifHALGO6oIbyC3CmJe,Law new pick share explain.,/static/images/warbler-hero.jpg,Paigeport
kristi90@yahoo.com,esteslindsay,https://randomuser.me/api/portraits/men/66.jpg,$2b$12$Q1PUFjhN/AWRQ21LbGYvjeLpZZB6lfZ1BPwifHALGO6oIbyC3CmJe,Born opportunity those.,/static/images/warbler-hero.jpg,East Brettton
katherinemoore@gmail.com,vpage,https://randomuser.me/api/portraits/men/28.jpg,$2b$12$Q1PUFjhN/AWRQ21LbGYvjeLpZZB6lfZ1BPwifHALGO6oIbyC3CmJe,Force law network eye.,/static/images/warbler-hero.jpg,Grahamborough
johndavis@yahoo.com,dbryant,https://randomuser.me/api/portraits/women/89.jpg,$2b$12$Q1PUFjhN/AWRQ21LbGYvjeLpZZB6lfZ1BPwifHALGO6oIbyC3CmJe,Ahead bill any young.,/static/images/warbler-hero.jpg,Woodhaven
sarah38@burton-manning.net,isaacwalters,https://randomuser.me/api/portraits/women/46.jpg,$2b$12$Q1PUFjhN/AWRQ21LbGYvjeLpZZB6lfZ1BPwifHALGO6oIbyC3CmJe,Beautiful wind tough discover forward middle language.,/static/images/warbler-hero.jpg,East Austinchester
christina04@hotmail.com,arnoldrachel,https://randomuser.me/api/portraits/women/83.jpg,$2b$12$Q1PUFjhN/AWRQ21LbGYvjeLpZZB6lfZ1BPwifHALGO6oIbyC3CmJe,White pattern buy sport six more.,/static/images/warbler-hero.jpg,Port Christine
shawn70@yahoo.com,daniel39,https://randomuser.me/api/portraits/men/60.jpg,$2b$12$Q1PUFjhN/AWRQ21LbGYvjeLpZZB6lfZ1BPwifHALGO6oIbyC3CmJe,Friend window home these development head choice.,/static/images/warbler-hero.jpg,Fletchertown
johnsonmary@hendricks.com,danielgray,https://randomuser.me/api/portraits/women/28.jpg,$2b$12$Q1PUFjhN/AWRQ21LbGYvjeLpZZB6lfZ1BPwifHALGO6oIbyC3CmJe,Lose team alone different voice quite.,/static/images/warbler-hero.jpg,Currytown
aguilarjustin@hotmail.com,shawisaac,https://randomuser.me/api/portraits/men/26.jpg,$2b$12$Q1PUFjhN/AWRQ21LbGYvjeLpZZB6lfZ1BPwifHALGO6oIbyC3CmJe,Voice million meeting middle mission leg break.,/static/images/warbler-hero.jpg,East Laurashire
kathleensoto@phillips-massey.org,darrellmartinez,https://randomuser.me/api/portraits/men/31.jpg,$2b$12$Q1PUFjhN/AWRQ21LbGYvjeLpZZB6lfZ1BPwifHALGO6oIbyC3CmJe,Benefit with maintain there such service.,/static/images/warbler-hero.jpg,Margarettown
latoya67@yahoo.com,isabelweeks,https://randomuser.me/api/portraits/men/83.jpg,$2b$12$Q1PUFjhN/AWRQ21LbGYvjeLpZZB6lfZ1BPwifHALGO6oIbyC3CmJe,Value could later however end when join walk.,/static/images/warbler-hero.jpg,North Williamport
sbrowning@hotmail.com,vegaamy,https://randomuser.me/api/portraits/men/88.jpg,$2b$12$Q1PUFjhN/AWRQ21LbGYvjeLpZZB6lfZ1BPwifHALGO6oIbyC3CmJe,Score describe could myself.,/static/images/warbler-hero.jpg,South Dylan
carrbruce@lang.org,rwerner,https://randomuser.me/api/portraits/lego/9.jpg,$2b$12$Q1PUFjhN/AWRQ21LbGYvjeLpZZB6lfZ1BPwifHALGO6oIbyC3CmJe,Change financial set doctor education.,/static/images/warbler-hero.jpg,Curtismouth
ibrown@trujillo.net,karen34,https://randomuser.me/api/portraits/men/4.jpg,$2b$12$Q1PUFjhN/AWRQ21LbGYvjeLpZZB6lfZ1BPwifHALGO6oIbyC3CmJe,Series realize play quite skin money cultural.,/static/images/warbler-hero.jpg,Lake James
amandaparrish@henderson.com,wilsondebbie,https://randomuser.me/api/portraits/men/69.jpg,$2b$12$Q1PUFjhN/AWRQ21LbGYvjeLpZZB6lfZ1BPwifHALGO6oIbyC3CmJe,Beautiful place media appear early.,/static/images/warbler-hero.jpg,New Juan
lindseyrandy@benitez-park.net,zhowell,https://randomuser.me/api/portraits/men/99.jpg,$2b$12$Q1PUFjhN/AWRQ21LbGYvjeLpZZB6lfZ1BPwifHALGO6oIbyC3CmJe,Young consumer pressure marriage president bag.,/static/images/warbler-hero.jpg,Staceytown
mariajohnson@yahoo.com,aaroncarlson,https://randomuser.me/api/portraits/women/44.jpg,$2b$12$Q1PUFjhN/AWRQ21LbGYvjeLpZZB6lfZ1BPwifHALGO6oIbyC3CmJe,Already another star traditional.,/static/images/warbler-hero.jpg,Lake Nataliemouth
hbarry@hotmail.com,millerheather,https://randomuser.me/api/portraits/men/11.jpg,$2b$12$Q1PUFjhN/AWRQ21LbGYvjeLpZZB6lfZ1BPwifHALGO6oIbyC3CmJe,Interest exactly include get occur skin.,/static/images/warbler-hero.jpg,West Geoffrey
woodrichard@jacobs.biz,toddbailey,https://randomuser.me/api/portraits/men/37.jpg,$2b$12$Q1PUFjhN/AWRQ21LbGYvjeLpZZB6lfZ1BPwifHALGO6oIbyC3CmJe,Year hour security.,/static/images/warbler-hero.jpg,Port Taraburgh
travis51@yahoo.com,ovillanueva,https://randomuser.me/api/portraits/men/78.jpg,$2b$12$Q1PUFjhN/AWRQ21LbGYvjeLpZZB6lfZ1BPwifHALGO6oIbyC3CmJe,Decision human seat street color.,/static/images/warbler-hero.jpg,Port Tracey
amy71@mora.com,mariamoran,https://randomuser.me/api/portraits/lego/2.jpg,$2b$12$Q1PUFjhN/AWRQ21LbGYvjeLpZZB6lfZ1BPwifHALGO6oIbyC3CmJe,Minute benefit painting management treat occur fund challenge.,/static/images/warbler-hero.jpg,Jenniferfurt
stephen72@gmail.com,aprilguzman,https://randomuser.me/api/portraits/women/29.jpg,$2b$12$Q1PUFjhN/AWRQ21LbGYvjeLpZZB6lfZ1BPwifHALGO6oIbyC3CmJe,Father across show tough tonight data girl.,/static/images/warbler-hero.jpg,South Davidburgh
mitchelldonna@boyer-williams.info,jack60,https://randomuser.me/api/portraits/women/96.jpg,$2b$12$Q1PUFjhN/AWRQ21LbGYvjeLpZZB6lfZ1BPwifHALGO6oIbyC3CmJe,Recently how enough avoid sport.,/static/images/warbler-hero.jpg,Coreyfort
michael61@hicks.net,cristianschultz,https://randomuser.me/api/portraits/women/27.jpg,$2b$12$Q1PUFjhN/AWRQ21LbGYvjeLpZZB6lfZ1BPwifHALGO6oIbyC3CmJe,Reveal kind program particularly source.,/static/images/warbler-hero.jpg,North Brianton
sarah32@sanchez.com,james94,https://randomuser.me/api/portraits/women/45.jpg,$2b$12$Q1PUFjhN/AWRQ21LbGYvjeLpZZB6lfZ1BPwifHALGO6oIbyC3CmJe,Republican different available head.,/static/images/warbler-hero.jpg,Paigeburgh
johnsonaaron@hotmail.com,mariawhitehead,https://randomuser.me/api/portraits/men/9.jpg,$2b$12$Q1PUFjhN/AWRQ21LbGYvjeLpZZB6lfZ1BPwifHALGO6oIbyC3CmJe,Reality seven their.,/static/images/warbler-hero.jpg,Dylanchester
curryanna@gmail.com,dgutierrez,https://randomuser.me/api/portraits/men/48.jpg,$2b$12$Q1PUFjhN/AWRQ21LbGYvjeLpZZB6lfZ1BPwifHALGO6oIbyC3CmJe,City someone company quickly administration.,/static/images/warbler-hero.jpg,Nicolefort
kennethsmith@rogers.com,qwalker,https://randomuser.me/api/portraits/women/91.jpg,$2b$12$Q1PUFjhN/AWRQ21LbGYvjeLpZZB6lfZ1BPwifHALGO6oIbyC3CmJe,Avoid century teacher show site our relate.,/static/images/warbler-hero.jpg,Lake Allisonberg
rioschristopher@yahoo.com,clewis,https://randomuser.me/api/portraits/men/75.jpg,$2b$12$Q1PUFjhN/AWRQ21LbGYvjeLpZZB6lfZ1BPwifHALGO6oIbyC3CmJe,Son seem everything parent reach.,/static/images/warbler-hero.jpg,Torresburgh
mreid@lamb-collins.biz,parkerelizabeth,https://randomuser.me/api/portraits/women/93.jpg,$2b$12$Q1PUFjhN/AWRQ21LbGYvjeLpZZB6lfZ1BPwifHALGO6oIbyC3CmJe,Of myself message public when future full.,/static/images/warbler-hero.jpg,Millerport
branchnicole@caldwell.com,derricknewton,https://randomuser.me/api/portraits/men/28.jpg,$2b$12$Q1PUFjhN/AWRQ21LbGYvjeLpZZB6lfZ1BPwifHALGO6oIbyC3CmJe,View score prove report.,/static/images/warbler-hero.jpg,Hunterport
perezcarmen@gmail.com,amymontoya,https://randomuser.me/api/portraits/women/27.jpg,$2b$12$Q1PUFjhN/AWRQ21LbGYvjeLpZZB6lfZ1BPwifHALGO6oIbyC3CmJe,Respond instead method write share order.,/static/images/warbler-hero.jpg,Hernandezstad
kennethbuck@gmail.com,padams,https://randomuser.me/api/portraits/women/1.jpg,$2b$12$Q1PUFjhN/AWRQ21LbGYvjeLpZZB6lfZ1BPwifHALGO6oIbyC3CmJe,Book professor strong everyone give mean.,/static/images/warbler-hero.jpg,Lake Johnmouth
hardyrhonda@yahoo.com,sashley,https://randomuser.me/api/portraits/women/26.jpg,$2b$12$Q1PUFjhN/AWRQ21LbGYvjeLpZZB6lfZ1BPwifHALGO6oIbyC3CmJe,Section action unit tonight born.,/static/images/warbler-hero.jpg,Michaelstad
jennifermartinez@wagner-campbell.com,jerrymassey,https://randomuser.me/api/portraits/women/43.jpg,$2b$12$Q1PUFjhN/AWRQ21LbGYvjeLpZZB6lfZ1BPwifHALGO6oIbyC3CmJe,Bed approach thank until result.,/static/images/warbler-hero.jpg,Port Autumnburgh
dmarquez@jacobs.com,toddcobb,https://randomuser.me/api/portraits/men/86.jpg,$2b$12$Q1PUFjhN/AWRQ21LbGYvjeLpZZB6lfZ1BPwifHALGO6oIbyC3CmJe,Shake how single.,/static/images/warbler-hero.jpg,Lake Laura
christopherthompson@yahoo.com,gutierrezethan,https://randomuser.me/api/portraits/women/19.jpg,$2b$12$Q1PUFjhN/AWRQ21LbGYvjeLpZZB6lfZ1BPwifHALGO6oIbyC3CmJe,National even century better participant price across.,/static/images/warbler-hero.jpg,Charlesberg
mallory18@yahoo.com,brandonsnyder,https://randomuser.me/api/portraits/men/56.jpg,$2b$12$Q1PUFjhN/AWRQ21LbGYvjeLpZZB6lfZ1BPwifHALGO6oIbyC3CmJe,May great leave live south.,/static/images/warbler-hero.jpg,Lake Catherine
vargastanya@pham.com,fblack,https://randomuser.me/api/portraits/women/51.jpg,$2b$12$Q1PUFjhN/AWRQ21LbGYvjeLpZZB6lfZ1BPwifHALGO6oIbyC3CmJe,Wait watch guy phone.,/static/images/warbler-hero.jpg,North Ivanmouth
robert24@hotmail.com,valdezthomas,https://randomuser.me/api/portraits/men/1.jpg,$2b$12$Q1PUFjhN/AWRQ21LbGYvjeLpZZB6lfZ1BPwifHALGO6oIbyC3CmJe,Future agree century act nature executive.,/static/images/warbler-hero.jpg,North Elizabeth
tammy09@barr.org,harveybrandon,https://randomuser.me/api/portraits/women/36.jpg,$2b$12$Q1PUFjhN/AWRQ21LbGYvjeLpZZB6lfZ1BPwifHALGO6oIbyC3CmJe,Soldier plant real movie.,/static/images/warbler-hero.jpg,Kevinland
stevengonzalez@gmail.com,sanchezreginald,https://randomuser.me/api/portraits/women/74.jpg,$2b$12$Q1PUFjhN/AWRQ21LbGYvjeLpZZB6lfZ1BPwifHALGO6oIbyC3CmJe,Above onto color.,/static/images/warbler-hero.jpg,Jenniferfort
cooleyeric@taylor.com,kyleberger,https://randomuser.me/api/portraits/lego/2.jpg,$2b$12$Q1PUFjhN/AWRQ21LbGYvjeLpZZB6lfZ1BPwifHALGO6oIbyC3CmJe,Meet listen news field may be.,/static/images/warbler-hero.jpg,Goodmanborough
davidrivers@hotmail.com,amber24,https://randomuser.me/api/portraits/women/49.jpg,$2b$12$Q1PUFjhN/AWRQ21LbGYvjeLpZZB6lfZ1BPwifHALGO6oIbyC3CmJe,Than drug film must decide cup.,/static/images/warbler-hero.jpg,Adamchester
randall03@gmail.com,lisa72,https://randomuser.me/api/portraits/women/34.jpg,$2b$12$Q1PUFjhN/AWRQ21LbGYvjeLpZZB6lfZ1BPwifHALGO6oIbyC3CmJe,Another cost smile tell notice product.,/static/images/warbler-hero.jpg,Millerburgh
pestrada@yahoo.com,johncrosby,https://randomuser.me/api/portraits/men/17.jpg,$2b$12$Q1PUFjhN/AWRQ21LbGYvjeLpZZB6lfZ1BPwifHALGO6oIbyC3CmJe,Daughter use ok tend energy choice argue.,/static/images/warbler-hero.jpg,West Andrewberg
pirwin@gmail.com,pwhitney,https://randomuser.me/api/portraits/lego/6.jpg,$2b$12$Q1PUFjhN/AWRQ21LbGYvjeLpZZB6lfZ1BPwifHALGO6oIbyC3CmJe,Price why perhaps economic usually modern.,/static/images/warbler-hero.jpg,West Stephenside
william50@gmail.com,michaelhoward,https://randomuser.me/api/portraits/women/83.jpg,$2b$12$Q1PUFjhN/AWRQ21LbGYvjeLpZZB6lfZ1BPwifHALGO6oIbyC3CmJe,If single become unit.,/static/images/warbler-hero.jpg,New Richard
vbates@tanner-haynes.com,meganjohnson,https://randomuser.me/api/portraits/women/76.jpg,$2b$12$Q1PUFjhN/AWRQ21LbGYvjeLpZZB6lfZ1BPwifHALGO6oIbyC3CmJe,Increase difficult see compare.,/static/images/warbler-hero.jpg,South Janetland
nguyenpaige@gmail.com,bethpennington,https://randomuser.me/api/portraits/women/43.jpg,$2b$12$Q1PUFjhN/AWRQ21LbGYvjeLpZZB6lfZ1BPwifHALGO6oIbyC3CmJe,Company rule bring my theory.,/static/images/warbler-hero.jpg,Port Crystalborough
mitchelljohn@cardenas.biz,ufitzgerald,https://randomuser.me/api/portraits/women/33.jpg,$2b$12$Q1PUFjhN/AWRQ21LbGYvjeLpZZB6lfZ1BPwifHALGO6oIbyC3CmJe,Upon recognize between actually big cultural.,/static/images/warbler-hero.jpg,South Andrewport
vangclinton@johnston.net,denise78,https://randomuser.me/api/portraits/women/54.jpg,$2b$12$Q1PUFjhN/AWRQ21LbGYvjeLpZZB6lfZ1BPwifHALGO6oIbyC3CmJe,Compare industry west claim.,/static/images/warbler-hero.jpg,Carlsonport
icampbell@mcguire.com,dawsonvictoria,https://randomuser.me/api/portraits/lego/9.jpg,$2b$12$Q1PUFjhN/AWRQ21LbGYvjeLpZZB6lfZ1BPwifHALGO6oIbyC3CmJe,Job individual reach which out get attention program.,/static/images/warbler-hero.jpg,Port Brittany
beasleyrebecca@yahoo.com,linda59,https://randomuser.me/api/portraits/women/71.jpg,$2b$12$Q1PUFjhN/AWRQ21LbGYvjeLpZZB6lfZ1BPwifHALGO6oIbyC3CmJe,Lead Mrs region could whose ever policy role.,/static/images/warbler-hero.jpg,Port Danielland
kristen98@hotmail.com,jacqueline58,https://randomuser.me/api/portraits/men/31.jpg,$2b$12$Q1PUFjhN/AWRQ21LbGYvjeLpZZB6lfZ1BPwifHALGO6oIbyC3CmJe,Chance central sit.,/static/images/warbler-hero.jpg,Lutzton
lanejames@mcdaniel.com,debrawu,https://randomuser.me/api/portraits/men/0.jpg,$2b$12$Q1PUFjhN/AWRQ21LbGYvjeLpZZB6lfZ1BPwifHALGO6oIbyC3CmJe,Ever each field method source next official.,/static/images/warbler-hero.jpg,West Charles
timothy45@yahoo.com,susan99,https://randomuser.me/api/portraits/women/21.jpg,$2b$12$Q1PUFjhN/AWRQ21LbGYvjeLpZZB6lfZ1BPwifHALGO6oIbyC3CmJe,Bag surface trade figure bag.,/static/images/warbler-hero.jpg,Kennethshire
amy30@morrison.com,manderson,https://randomuser.me/api/portraits/women/58.jpg,$2b$12$Q1PUFjhN/AWRQ21LbGYvjeLpZZB6lfZ1BPwifHALGO6oIbyC3CmJe,Large treatment way quality crime we tough.,/static/images/warbler-hero.jpg,Nelsonmouth
wmiller@fuentes.biz,bryantjonathan,https://randomuser.me/api/portraits/lego/3.jpg,$2b$12$Q1PUFjhN/AWRQ21LbGYvjeLpZZB6lfZ1BPwifHALGO6oIbyC3CmJe,Live minute floor argue he.,/static/images/warbler-hero.jpg,Simpsonburgh
careysamantha@hotmail.com,matthew35,https://randomuser.me/api/portraits/men/66.jpg,$2b$12$Q1PUFjhN/AWRQ21LbGYvjeLpZZB6lfZ1BPwifHALGO6oIbyC3CmJe,Anyone seem behind before.,/static/images/warbler-hero.jpg,New Robert
lesliekirk@gmail.com,patriciaknight,https://randomuser.me/api/portraits/women/27.jpg,$2b$12$Q1PUFjhN/AWRQ21LbGYvjeLpZZB6lfZ1BPwifHALGO6oIbyC3CmJe,End those purpose stage rest worry step put.,/static/images/warbler-hero.jpg,Deanville
jeremiahsellers@gmail.com,kevans,https://randomuser.me/api/portraits/men/85.jpg,$2b$12$Q1PUFjhN/AWRQ21LbGYvjeLpZZB6lfZ1BPwifHALGO6oIbyC3CmJe,Senior everything significant treatment.,/static/images/warbler-hero.jpg,Morrisonborough
gjordan@hotmail.com,derek79,https://randomuser.me/api/portraits/women/30.jpg,$2b$12$Q1PUFjhN/AWRQ21LbGYvjeLpZZB6lfZ1BPwifHALGO6oIbyC3CmJe,Since owner moment daughter me cup answer.,/static/images/warbler-hero.jpg,Rileymouth
kellykline@hodges.com,martinezpatrick,https://randomuser.me/api/portraits/women/51.jpg,$2b$12$Q1PUFjhN/AWRQ21LbGYvjeLpZZB6lfZ1BPwifHALGO6oIbyC3CmJe,Tell heavy card high finally.,/static/images/warbler-hero.jpg,Jasmineberg
geraldtaylor@lewis.com,carpentersara,https://randomuser.me/api/portraits/men/28.jpg,$2b$12$Q1PUFjhN/AWRQ21LbGYvjeLpZZB6lfZ1BPwifHALGO6oIbyC3CmJe,Tend back drive study beat down.,/static/images/warbler-hero.jpg,East Savannah
nflores@wood.com,emily59,https://randomuser.me/api/portraits/women/18.jpg,$2b$12$Q1PUFjhN/AWRQ21LbGYvjeLpZZB6lfZ1BPwifHALGO6oIbyC3CmJe,Common sometimes dream.,/static/images/warbler-hero.jpg,North Kelseyberg
chavezadrienne@yahoo.com,derrick02,https://randomuser.me/api/portraits/men/43.jpg,$2b$12$Q1PUFjhN/AWRQ21LbGYvjeLpZZB6lfZ1BPwifHALGO6oIbyC3CmJe,Leave rather list which magazine.,/static/images/warbler-hero.jpg,Leeborough
joseph89@yahoo.com,james91,https://randomuser.me/api/portraits/women/2.jpg,$2b$12$Q1PUFjhN/AWRQ21LbGYvjeLpZZB6lfZ1BPwifHALGO6oIbyC3CmJe,System yes particularly sign like yet.,/static/images/warbler-hero.jpg,Christophershire
lisageorge@yahoo.com,tsmith,https://randomuser.me/api/portraits/men/57.jpg,$2b$12$Q1PUFjhN/AWRQ21LbGYvjeLpZZB6lfZ1BPwifHALGO6oIbyC3CmJe,Rather laugh bed education Republican.,/static/images/warbler-hero.jpg,West Brettland
stevenramirez@collins.info,nbarnes,https://randomuser.me/api/portraits/men/16.jpg,$2b$12$Q1PUFjhN/AWRQ21LbGYvjeLpZZB6lfZ1BPwifHALGO6oIbyC3CmJe,Policy behavior herself herself.,/static/images/warbler-hero.jpg,West Vincentland
zzimmerman@martinez.org,thompsonkevin,https://randomuser.me/api/portraits/men/92.jpg,$2b$12$Q1PUFjhN/AWRQ21LbGYvjeLpZZB6lfZ1BPwifHALGO6oIbyC3CmJe,Student idea tonight protect.,/static/images/warbler-hero.jpg,Steinton
jwarren@horne-rios.com,nguyenwendy,https://randomuser.me/api/portraits/men/0.jpg,$2b$12$Q1PUFjhN/AWRQ21LbGYvjeLpZZB6lfZ1BPwifHALGO6oIbyC3CmJe,Once never my follow away about.,/static/images/warbler-hero.jpg,Karastad
james10@gmail.com,jbaker,https://randomuser.me/api/portraits/women/1.jpg,$2b$12$Q1PUFjhN/AWRQ21LbGYvjeLpZZB6lfZ1BPwifHALGO6oIbyC3CmJe,Well left section new local consider.,/static/images/warbler-hero.jpg,Mirandaborough
bellrobert@sanders.net,tyler62,https://randomuser.me/api/portraits/women/59.jpg,$2b$12$Q1PUFjhN/AWRQ21LbGYvjeLpZZB6lfZ1BPwifHALGO6oIbyC3CmJe,Identify thousand reflect word.,/static/images/warbler-hero.jpg,East David
zmoses@yahoo.com,rachel75,https://randomuser.me/api/portraits/women/57.jpg,$2b$12$Q1PUFjhN/AWRQ21LbGYvjeLpZZB6lfZ1BPwifHALGO6oIbyC3CmJe,Large nothing bank course.,/static/images/warbler-hero.jpg,Lake Brandy
shane19@yahoo.com,mgordon,https://randomuser.me/api/portraits/men/71.jpg,$2b$12$Q1PUFjhN/AWRQ21LbGYvjeLpZZB6lfZ1BPwifHALGO6oIbyC3CmJe,Stuff house how suffer cut series bed doctor.,/static/images/warbler-hero.jpg,West Destiny
nguyenpatrick@macdonald-alvarez.net,benjaminsamantha,https://randomuser.me/api/portraits/men/37.jpg,$2b$12$Q1PUFjhN/AWRQ21LbGYvjeLpZZB6lfZ1BPwifHALGO6oIbyC3CmJe,Issue lay those not walk.,/static/images/warbler-hero.jpg,South Patrickburgh
evansmichelle@gmail.com,lydiarice,https://randomuser.me/api/portraits/women/74.jpg,$2b$12$Q1PUFjhN/AWRQ21LbGYvjeLpZZB6lfZ1BPwifHALGO6oIbyC3CmJe,Challenge benefit Republican common remember friend important.,/static/images/warbler-hero.jpg,New Sarahburgh
